Abilene Christian,[Abilene Christian](#f/abilenechristian),Abilene Christian,Abilene Christian
Air Force,[Air Force](#f/airforce),Air Force,Air Force
Akron,[Akron](#f/akron),Akron,Akron
Alabama,[Alabama](#f/alabama),Alabama,Alabama
Alabama A&M,[Alabama A&M](#f/alabamaam),Alabama A & M,Alabama A&M
Alabama State,[Alabama State](#f/alabamastate),Alabama State,Alabama St.
Albany,[Albany](#f/albany),Albany,Albany
Alcorn State,[Alcorn State](#f/alcornstate),Alcorn State,Alcorn St.
American University,[American University](#f/american),American,American
Appalachian State,[Appalachian State](#f/appalachianstate),Appalachian State,Appalachian St.
Arizona,[Arizona](#f/arizona),Arizona,Arizona
Arizona State,[Arizona State](#f/arizonastate),Arizona State,Arizona St.
Arkansas,[Arkansas](#f/arkansas),Arkansas,Arkansas
Arkansas State,[Arkansas State](#f/arkansasstate),Arkansas State,Arkansas St.
Arkansas-Pine Bluff,[UAPB](#f/uapb),Arkansas-Pine Bluff,Arkansas Pine Bluff
Army,[Army](#f/army),Army,Army
Auburn,[Auburn](#f/auburn),Auburn,Auburn
Austin Peay,[Austin Peay](#f/austinpeay),Austin Peay,Austin Peay
Ball State,[Ball State](#f/ballstate),Ball State,Ball St.
Baylor,[Baylor](#f/baylor),Baylor,Baylor
Bellarmine,[Bellarmine](#f/bellarmine),Bellarmine,Bellarmine
Belmont,[Belmont](#f/belmont),Belmont,Belmont
Bethune-Cookman,[Bethune-Cookman](#f/bethunecookman),Bethune Cookman,Bethune Cookman
Binghamton,[Binghamton](#f/binghamton),Binghamton,Binghamton
Boise State,[Boise State](#f/boisestate),Boise State,Boise St.
Boston College,[Boston College](#f/bostoncollege),BC,Boston College
Boston University,[Boston University](#f/bostonuniversity),BU,Boston University
Bowling Green,[Bowling Green](#f/bowlinggreen),Bowling Green,Bowling Green
Bradley,[Bradley](#f/bradley),Bradley,Bradley
Brown,[Brown](#f/brown),Brown,Brown
Bryant,[Bryant](#f/bryant),Bryant,Bryant
Bucknell,[Bucknell](#f/bucknell),Bucknell,Bucknell
Buffalo,[Buffalo](#f/buffalo),Buffalo,Buffalo
Butler,[Butler](#f/butler),Butler,Butler
BYU,[BYU](#f/byu),BYU,BYU
Cal Poly,[Cal Poly](#f/calpoly),Cal Poly,Cal Poly
California,[California](#f/california),California,California
California Baptist,[California Baptist](#f/californiabaptist),Cal Baptist,Cal Baptist
Campbell,[Campbell](#f/campbell),Campbell,Campbell
Canisius,[Canisius](#f/canisius),Canisius,Canisius
Central Arkansas,[Central Arkansas](#f/centralarkansas),University of Central Arkansas,Central Arkansas
Central Connecticut,[CCSU](#f/ccsu),Central Connecticut State,Central Connecticut
Central Michigan,[Central Michigan](#f/centralmichigan),Central Michigan,Central Michigan
Charleston,[Charleston](#f/collegecharleston),College of Charleston,Charleston
Charleston Southern,[Charleston Southern](#f/charlestonsouthern),Charleston Southern,Charleston Southern
Charlotte,[Charlotte](#f/charlotte),Charlotte,Charlotte
Chattanooga,[Chattanooga](#f/chattanooga),Chattanooga,Chattanooga
Chicago State,[Chicago State](#f/chicagostate),Chicago State,Chicago St.
Cincinnati,[Cincinnati](#f/cincinnati),Cincinnati,Cincinnati
Clemson,[Clemson](#f/clemson),Clemson,Clemson
Cleveland State,[Cleveland State](#f/clevelandstate),Cleveland State,Cleveland St.
Coastal Carolina,[Coastal Carolina](#f/coastalcarolina),Coastal Carolina,Coastal Carolina
Colgate,[Colgate](#f/colgate),Colgate,Colgate
Colorado,[Colorado](#f/colorado),Colorado,Colorado
Colorado State,[Colorado State](#f/coloradostate),Colorado State,Colorado St.
Columbia,[Columbia](#f/columbia),Columbia,Columbia
Coppin State,[Coppin State](#f/coppinstate),Coppin State,Coppin St.
Cornell,[Cornell](#f/cornell),Cornell,Cornell
Creighton,[Creighton](#f/creighton),Creighton,Creighton
CSU Bakersfield,[CSU Bakersfield](#f/csubakersfield),Cal State Bakersfield,Cal St. Bakersfield
CSU Fullerton,[Cal State Fullerton](#f/csufullerton),Cal State Fullerton,Cal St. Fullerton
CSU Northridge,[CSUN](#f/csunorthridge),Cal State Northridge,Cal St. Northridge
Dartmouth,[Dartmouth](#f/dartmouth),Dartmouth,Dartmouth
Davidson,[Davidson](#f/davidson),Davidson,Davidson
Dayton,[Dayton](#f/dayton),Dayton,Dayton
Delaware,[Delaware](#f/delaware),Delaware,Delaware
Delaware State,[Delaware State](#f/delawarestate),Delaware State,Delaware St.
Denver,[Denver](#f/denver),Denver,Denver
DePaul,[DePaul](#f/depaul),DePaul,DePaul
Detroit Mercy,[Detroit](#f/detroitmercy),Detroit,Detroit Mercy
Dixie State,[Dixie State](#f/dixiestate),Dixie State,Dixie St.
Drake,[Drake](#f/drake),Drake,Drake
Drexel,[Drexel](#f/drexel),Drexel,Drexel
Duke,[Duke](#f/duke),Duke,Duke
Duquesne,[Duquesne](#f/duquesne),Duquesne,Duquesne
East Carolina,[ECU](#f/ecu),ECU,East Carolina
East Tennessee State,[East Tennessee State](#f/easttennesseestate),ETSU,East Tennessee St.
Eastern Illinois,[Eastern Illinois](#f/easternillinois),Eastern Illinois,Eastern Illinois
Eastern Kentucky,[Eastern Kentucky](#f/easternkentucky),Eastern Kentucky,Eastern Kentucky
Eastern Michigan,[Eastern Michigan](#f/easternmichigan),Eastern Michigan,Eastern Michigan
Eastern Washington,[Eastern Washington](#f/easternwashington),Eastern Washington,Eastern Washington
Elon,[Elon](#f/elon),Elon,Elon
Evansville,[Evansville](#f/evansville),Evansville,Evansville
Fairfield,[Fairfield](#f/fairfield),Fairfield,Fairfield
Fairleigh Dickinson,[Fairleigh Dickinson](#f/fairleighdickinson),Fairleigh Dickinson,Fairleigh Dickinson
Florida,[Florida](#f/florida),Florida,Florida
Florida A&M,[Florida A&M](#f/floridaam),Florida A&M,Florida A&M
Florida Atlantic,[FAU](#f/fau),Florida Atlantic,Florida Atlantic
Florida Gulf Coast,[Florida Gulf Coast](#f/floridagulfcoast),Florida Gulf Coast,Florida Gulf Coast
Florida International,[FIU](#f/fiu),FIU,FIU
Florida State,[Florida State](#f/floridastate),Florida State,Florida St.
Fordham,[Fordham](#f/fordham),Fordham,Fordham
Fresno State,[Fresno State](#f/fresnostate),Fresno State,Fresno St.
Furman,[Furman](#f/furman),Furman,Furman
Gardner-Webb,[Gardner-Webb](#f/gardnerwebb),Gardner-Webb,Gardner Webb
George Mason,[George Mason](#f/georgemason),George Mason,George Mason
George Washington,[George Washington](#f/georgewashington),GW,George Washington
Georgetown,[Georgetown](#f/georgetown),Georgetown,Georgetown
Georgia,[Georgia](#f/georgia),Georgia,Georgia
Georgia Southern,[Georgia Southern](#f/georgiasouthern),Georgia Southern,Georgia Southern
Georgia State,[Georgia State](#f/georgiastate),Georgia State,Georgia St.
Georgia Tech,[Georgia Tech](#f/georgiatech),Georgia Tech,Georgia Tech
Gonzaga,[Gonzaga](#f/gonzaga),Gonzaga,Gonzaga
Grambling,[Grambling](#f/grambling),Grambling State,Grambling St.
Grand Canyon,[Grand Canyon](#f/grandcanyon),Grand Canyon,Grand Canyon
Green Bay,[Green Bay](#f/greenbay),Green Bay,Green Bay
Hampton,[Hampton](#f/hampton),Hampton,Hampton
Hartford,[Hartford](#f/hartford),Hartford,Hartford
Harvard,[Harvard](#f/harvard),Harvard,Harvard
Hawai'i,[Hawai'i](#f/hawaii),Hawaii,Hawaii
High Point,[High Point](#f/highpoint),High Point,High Point
Hofstra,[Hofstra](#f/hofstra),Hofstra,Hofstra
Holy Cross,[Holy Cross](#f/holycross),Holy Cross,Holy Cross
Houston,[Houston](#f/houston),Houston,Houston
Houston Baptist,[Houston Baptist](#f/houstonbaptist),Houston Baptist,Houston Baptist
Howard,[Howard](#f/howard),Howard,Howard
Idaho,[Idaho](#f/idaho),Idaho,Idaho
Idaho State,[Idaho State](#f/idahostate),Idaho State,Idaho St.
Illinois,[Illinois](#f/illinois),Illinois,Illinois
Illinois State,[Illinois State](#f/illinoisstate),Illinois State,Illinois St.
Incarnate Word,[Incarnate Word](#f/incarnateword),Incarnate Word,Incarnate Word
Indiana,[Indiana](#f/indiana),Indiana,Indiana
Indiana State,[Indiana State](#f/indianastate),Indiana State,Indiana St.
Iona,[Iona](#f/iona),Iona,Iona
Iowa,[Iowa](#f/iowa),Iowa,Iowa
Iowa State,[Iowa State](#f/iowastate),Iowa State,Iowa St.
IUPUI,[IUPUI](#f/iupui),IUPUI,IUPUI
Jackson State,[Jackson State](#f/jacksonstate),Jackson State,Jackson St.
Jacksonville,[Jacksonville](#f/jacksonville),Jacksonville,Jacksonville
Jacksonville State,[Jacksonville State](#f/jacksonvillestate),Jacksonville State,Jacksonville St.
James Madison,[James Madison](#f/jamesmadison),James Madison,James Madison
Kansas,[Kansas](#f/kansas),Kansas,Kansas
Kansas City,[Kansas City](#f/umkc),UMKC,UMKC
Kansas State,[Kansas State](#f/kansasstate),Kansas State,Kansas St.
Kennesaw State,[Kennesaw State](#f/kennesawstate),Kennesaw State,Kennesaw St.
Kent State,[Kent State](#f/kentstate),Kent State,Kent St.
Kentucky,[Kentucky](#f/kentucky),Kentucky,Kentucky
La Salle,[La Salle](#f/lasalle),La Salle,La Salle
Lafayette,[Lafayette](#f/lafayette),Lafayette,Lafayette
Lamar,[Lamar](#f/lamar),Lamar,Lamar
Lehigh,[Lehigh](#f/lehigh),Lehigh,Lehigh
Liberty,[Liberty](#f/liberty),Liberty,Liberty
Lipscomb,[Lipscomb](#f/lipscomb),Lipscomb,Lipscomb
Little Rock,[Little Rock](#f/ualr),Little Rock,Little Rock
Long Beach State,[Long Beach State](#f/csulongbeach),Long Beach State,Long Beach St.
Long Island University,[LIU](#f/liu),LIU-Brooklyn,LIU
Longwood,[Longwood](#f/longwood),Longwood,Longwood
Louisiana,[Louisiana](#f/louisiana),Louisiana,Louisiana
Louisiana Tech,[Louisiana Tech](#f/louisianatech),Louisiana Tech,Louisiana Tech
Louisville,[Louisville](#f/louisville),Louisville,Louisville
Loyola (MD),[Loyola Maryland](#f/loyolamaryland),Loyola-MD,Loyola MD
Loyola Chicago,[Loyola Chicago](#f/loyolachicago),Loyola Chicago,Loyola Chicago
Loyola Marymount,[Loyola Marymount](#f/loyolamarymount),Loyola Marymount,Loyola Marymount
LSU,[LSU](#f/lsu),LSU,LSU
Maine,[Maine](#f/maine),Maine,Maine
Manhattan,[Manhattan](#f/manhattan),Manhattan,Manhattan
Marist,[Marist](#f/marist),Marist,Marist
Marquette,[Marquette](#f/marquette),Marquette,Marquette
Marshall,[Marshall](#f/marshall),Marshall,Marshall
Maryland,[Maryland](#f/maryland),Maryland,Maryland
Maryland-Eastern Shore,[UMES](#f/umes),UMES,Maryland Eastern Shore
McNeese,[McNeese](#f/mcneese),McNeese,McNeese St.
Memphis,[Memphis](#f/memphis),Memphis,Memphis
Mercer,[Mercer](#f/mercer),Mercer,Mercer
Merrimack,[Merrimack](#f/merrimack),Merrimack,Merrimack
Miami,[Miami](#f/miami),Miami (FL),Miami FL
Miami (OH),[Miami (OH)](#f/miamioh),Miami (OH),Miami OH
Michigan,[Michigan](#f/michigan),Michigan,Michigan
Michigan State,[Michigan State](#f/michiganstate),Michigan State,Michigan St.
Middle Tennessee,[Middle Tennessee](#f/middletennessee),MT,Middle Tennessee
Milwaukee,[Milwaukee](#f/milwaukee),Milwaukee,Milwaukee
Minnesota,[Minnesota](#f/minnesota),Minnesota,Minnesota
Mississippi State,[Mississippi State](#f/mississippistate),Mississippi State,Mississippi St.
Mississippi Valley State,[MVSU](#f/mvsu),Mississippi Valley State,Mississippi Valley St.
Missouri,[Missouri](#f/missouri),Missouri,Missouri
Missouri State,[Missouri State](#f/missouristate),Missouri State,Missouri St.
Monmouth,[Monmouth](#f/monmouth),Monmouth,Monmouth
Montana,[Montana](#f/montana),Montana,Montana
Montana State,[Montana State](#f/montanastate),Montana State,Montana St.
Morehead State,[Morehead State](#f/moreheadstate),Morehead State,Morehead St.
Morgan State,[Morgan State](#f/morganstate),Morgan State,Morgan St.
Mount St. Mary's,[Mount St. Mary's](#f/mountstmarys),Mt. St. Mary's,Mount St. Mary's
Murray State,[Murray State](#f/murraystate),Murray State,Murray St.
Navy,[Navy](#f/navy),Navy,Navy
NC State,[NC State](#f/ncstate),NC State,N.C. State
Nebraska,[Nebraska](#f/nebraska),Nebraska,Nebraska
Nevada,[Nevada](#f/nevada),Nevada,Nevada
New Hampshire,[New Hampshire](#f/newhampshire),UNH,New Hampshire
New Mexico,[New Mexico](#f/newmexico),New Mexico,New Mexico
New Mexico State,[New Mexico State](#f/newmexicostate),New Mexico State,New Mexico St.
New Orleans,[New Orleans](#f/neworleans),New Orleans,New Orleans
Niagara,[Niagara](#f/niagara),Niagara,Niagara
Nicholls,[Nicholls](#f/nicholls),Nicholls State University,Nicholls St.
NJIT,[NJIT](#f/njit),NJIT,NJIT
Norfolk State,[Norfolk State](#f/norfolkstate),Norfolk State,Norfolk St.
North Alabama,[North Alabama](#f/northalabama),North Alabama,North Alabama
North Carolina,[North Carolina](#f/northcarolina),North Carolina,North Carolina
North Carolina A&T,[North Carolina A&T](#f/northcarolinaat),NC A&T,North Carolina A&T
North Carolina Central,[NCCU](#f/nccu),NC Central,North Carolina Central
North Dakota,[North Dakota](#f/northdakota),North Dakota,North Dakota
North Dakota State,[North Dakota State](#f/northdakotastate),North Dakota State,North Dakota St.
North Florida,[North Florida](#f/northflorida),North Florida,North Florida
North Texas,[North Texas](#f/northtexas),North Texas,North Texas
Northeastern,[Northeastern](#f/northeastern),Northeastern,Northeastern
Northern Arizona,[Northern Arizona](#f/northernarizona),Northern Arizona,Northern Arizona
Northern Colorado,[Northern Colorado](#f/northerncolorado),Northern Colorado,Northern Colorado
Northern Illinois,[Northern Illinois](#f/northernillinois),Northern Illinois,Northern Illinois
Northern Iowa,[Northern Iowa](#f/northerniowa),Northern Iowa,Northern Iowa
Northern Kentucky,[Northern Kentucky](#f/northernkentucky),Northern Kentucky,Northern Kentucky
Northwestern,[Northwestern](#f/northwestern),Northwestern,Northwestern
Northwestern State,[Northwestern State](#f/northwesternstate),Northwestern State,Northwestern St.
Notre Dame,[Notre Dame](#f/notredame),Notre Dame,Notre Dame
Oakland,[Oakland](#f/oakland),Oakland,Oakland
Ohio,[Ohio](#f/ohio),Ohio,Ohio
Ohio State,[Ohio State](#f/ohiostate),Ohio State,Ohio St.
Oklahoma,[Oklahoma](#f/oklahoma),Oklahoma,Oklahoma
Oklahoma State,[Oklahoma State](#f/oklahomastate),Oklahoma State,Oklahoma St.
Old Dominion,[Old Dominion](#f/olddominion),Old Dominion,Old Dominion
Ole Miss,[Ole Miss](#f/olemiss),Ole Miss,Mississippi
Omaha,[Omaha](#f/nebraskaomaha),Nebraska-Omaha,Nebraska Omaha
Oral Roberts,[Oral Roberts](#f/oralroberts),Oral Roberts,Oral Roberts
Oregon,[Oregon](#f/oregon),Oregon,Oregon
Oregon State,[Oregon State](#f/oregonstate),Oregon State,Oregon St.
Pacific,[Pacific](#f/pacific),Pacific,Pacific
Penn State,[Penn State](#f/pennstate),Penn State,Penn St.
Pennsylvania,[Pennsylvania](#f/pennsylvania),Penn,Penn
Pepperdine,[Pepperdine](#f/pepperdine),Pepperdine,Pepperdine
Pittsburgh,[Pittsburgh](#f/pittsburgh),Pitt,Pittsburgh
Portland,[Portland](#f/portland),Portland,Portland
Portland State,[Portland State](#f/portlandstate),Portland State,Portland St.
Prairie View A&M,[Prairie View A&M](#f/prairieviewam),Prairie View A&M,Prairie View A&M
Presbyterian,[Presbyterian](#f/presbyterian),Presbyterian,Presbyterian
Princeton,[Princeton](#f/princeton),Princeton,Princeton
Providence,[Providence](#f/providence),Providence,Providence
Purdue,[Purdue](#f/purdue),Purdue,Purdue
Purdue Fort Wayne,[Purdue Fort Wayne](#f/fortwayne),Fort Wayne,Purdue Fort Wayne
Quinnipiac,[Quinnipiac](#f/quinnipiac),Quinnipiac,Quinnipiac
Radford,[Radford](#f/radford),Radford,Radford
Rhode Island,[Rhode Island](#f/rhodeisland),URI,Rhode Island
Rice,[Rice](#f/rice),Rice,Rice
Richmond,[Richmond](#f/richmond),Richmond,Richmond
Rider,[Rider](#f/rider),Rider,Rider
Robert Morris,[Robert Morris](#f/robertmorris),Robert Morris,Robert Morris
Rutgers,[Rutgers](#f/rutgers),Rutgers,Rutgers
Sacramento State,[Sacramento State](#f/sacramentostate),Sacramento State,Sacramento St.
Sacred Heart,[Sacred Heart](#f/sacredheart),Sacred Heart,Sacred Heart
Saint Joseph's,[St. Joseph's](#f/stjosephspa),St. Joseph's,Saint Joseph's
Saint Louis,[Saint Louis](#f/saintlouis),St. Louis,Saint Louis
Saint Mary's,[St. Mary's](#f/stmarys),St. Mary's,Saint Mary's
Saint Peter's,[St. Peter's](#f/stpeters),St. Peter's,Saint Peter's
Sam Houston,[Sam Houston State](#f/samhoustonstate),Sam Houston State,Sam Houston St.
Samford,[Samford](#f/samford),Samford,Samford
San Diego,[San Diego](#f/sandiego),San Diego,San Diego
San Diego State,[San Diego State](#f/sandiegostate),San Diego State,San Diego St.
San Francisco,[San Francisco](#f/sanfrancisco),San Francisco,San Francisco
San Jose State,[San Jose State](#f/sanjosestate),San Jose State,San Jose St.
Santa Clara,[Santa Clara](#f/santaclara),Santa Clara,Santa Clara
SE Louisiana,[Southeastern Louisiana](#f/southeasternlouisiana),Southeastern Louisiana,Southeastern Louisiana
Seattle U,[Seattle](#f/seattle),Seattle,Seattle
Seton Hall,[Seton Hall](#f/setonhall),Seton Hall,Seton Hall
Siena,[Siena](#f/siena),Siena,Siena
SIU Edwardsville,[SIUE](#f/siue),SIU Edwardsville,SIU Edwardsville
SMU,[SMU](#f/smu),SMU,SMU
South Alabama,[South Alabama](#f/southalabama),South Alabama,South Alabama
South Carolina,[South Carolina](#f/southcarolina),South Carolina,South Carolina
South Carolina State,[South Carolina State](#f/southcarolinastate),SC State,South Carolina St.
South Carolina Upstate,[USC Upstate](#f/uscupstate),SC Upstate,USC Upstate
South Dakota,[South Dakota](#f/southdakota),South Dakota,South Dakota
South Dakota State,[South Dakota State](#f/southdakotastate),South Dakota State,South Dakota St.
South Florida,[USF](#f/usf),USF,South Florida
Southeast Missouri State,[Southeast Missouri](#f/southeastmissouri),SE Missouri State,Southeast Missouri St.
Southern,[Southern](#f/southern),Southern,Southern
Southern Illinois,[Southern Illinois](#f/southernillinois),Southern Illinois,Southern Illinois
Southern Miss,[Southern Miss](#f/southernmiss),Southern Miss,Southern Miss
Southern Utah,[Southern Utah](#f/southernutah),Southern Utah,Southern Utah
St. Bonaventure,[St. Bonaventure](#f/stbonaventure),St. Bonaventure,St. Bonaventure
St. Francis (BKN),[St. Francis Brooklyn](#f/stfrancisbrooklyn),St. Francis Brooklyn,St. Francis NY
St. Francis (PA),[St. Francis](#f/stfrancis),St. Francis PA,St. Francis PA
St. John's,[St. John's](#f/stjohnsny),St. John's,St. John's
St. Thomas - Minnesota,[St. Thomas](#f/stthomasmn),,St. Thomas
Stanford,[Stanford](#f/stanford),Stanford,Stanford
Stephen F. Austin,[Stephen F. Austin](#f/stephenfaustin),Stephen F. Austin,Stephen F. Austin
Stetson,[Stetson](#f/stetson),Stetson,Stetson
Stony Brook,[Stony Brook](#f/stonybrook),Stony Brook,Stony Brook
Syracuse,[Syracuse](#f/syracuse),Syracuse,Syracuse
Tarleton,[Tarleton State](#f/tarletonstate),Tarleton,Tarleton St.
TCU,[TCU](#f/tcu),TCU,TCU
Temple,[Temple](#f/temple),Temple,Temple
Tennessee,[Tennessee](#f/tennessee),Tennessee,Tennessee
Tennessee State,[Tennessee State](#f/tennesseestate),Tennessee State,Tennessee St.
Tennessee Tech,[Tennessee Tech](#f/tennesseetech),Tennessee Tech,Tennessee Tech
Texas,[Texas](#f/texas),Texas,Texas
Texas A&M,[Texas A&M](#f/texasam),Texas A&M,Texas A&M
Texas A&M-CC,[Texas A&M-Corpus Christi](#f/texasamcorpuschristi),Texas A&M-Corpus Christi,Texas A&M Corpus Chris
Texas Southern,[Texas Southern](#f/texassouthern),Texas Southern,Texas Southern
Texas State,[Texas State](#f/texasstate),Texas State,Texas St.
Texas Tech,[Texas Tech](#f/texastech),Texas Tech,Texas Tech
The Citadel,[The Citadel](#f/citadel),The Citadel,The Citadel
Toledo,[Toledo](#f/toledo),Toledo,Toledo
Towson,[Towson](#f/towson),Towson,Towson
Troy,[Troy](#f/troy),Troy,Troy
Tulane,[Tulane](#f/tulane),Tulane,Tulane
Tulsa,[Tulsa](#f/tulsa),Tulsa,Tulsa
UAB,[UAB](#f/uab),UAB,UAB
UC Davis,[UC Davis](#f/ucdavis),UC Davis,UC Davis
UC Irvine,[UC Irvine](#f/ucirvine),UC Irvine,UC Irvine
UC Riverside,[UC Riverside](#f/ucriverside),UC Riverside,UC Riverside
UC San Diego,[UCSD](#f/ucsd),UC San Diego,UC San Diego
UC Santa Barbara,[UCSB](#f/ucsb),UC Santa Barbara,UC Santa Barbara
UCF,[UCF](#f/ucf),UCF,UCF
UCLA,[UCLA](#f/ucla),UCLA,UCLA
UConn,[Connecticut](#f/connecticut),UConn,Connecticut
UIC,[UIC](#f/uic),UIC,Illinois Chicago
UL Monroe,[ULM](#f/ulm),ULM,Louisiana Monroe
UMass,[UMass](#f/umass),UMass,Massachusetts
UMass Lowell,[UMass Lowell](#f/massachusettslowell),UMass Lowell,UMass Lowell
UMBC,[UMBC](#f/umbc),UMBC,UMBC
UNC Asheville,[UNC Asheville](#f/uncasheville),UNC Asheville,UNC Asheville
UNC Greensboro,[UNC Greensboro](#f/uncgreensboro),UNC Greensboro,UNC Greensboro
UNC Wilmington,[UNC Wilmington](#f/uncwilmington),UNC Wilmington,UNC Wilmington
UNLV,[UNLV](#f/unlv),UNLV,UNLV
USC,[USC](#f/usc),USC,USC
UT Arlington,[UT Arlington](#f/utarlington),UT-Arlington,UT Arlington
UT Martin,[UT Martin](#f/utmartin),Tennessee-Martin,Tennessee Martin
UT Rio Grande Valley,[UTRGV](#f/texasriograndevalley),UTRGV,UT Rio Grande Valley
Utah,[Utah](#f/utah),Utah,Utah
Utah State,[Utah State](#f/utahstate),Utah State,Utah St.
Utah Valley,[Utah Valley](#f/utahvalley),Utah Valley,Utah Valley
UTEP,[UTEP](#f/utep),UTEP,UTEP
UTSA,[UTSA](#f/utsa),UTSA,UTSA
Valparaiso,[Valparaiso](#f/valparaiso),Valparaiso,Valparaiso
Vanderbilt,[Vanderbilt](#f/vanderbilt),Vanderbilt,Vanderbilt
VCU,[VCU](#f/vcu),VCU,VCU
Vermont,[Vermont](#f/vermont),UVM,Vermont
Villanova,[Villanova](#f/villanova),Villanova,Villanova
Virginia,[Virginia](#f/virginia),Virginia,Virginia
Virginia Tech,[Virginia Tech](#f/virginiatech),Virginia Tech,Virginia Tech
VMI,[VMI](#f/vmi),VMI,VMI
Wagner,[Wagner](#f/wagner),Wagner,Wagner
Wake Forest,[Wake Forest](#f/wakeforest),Wake Forest,Wake Forest
Washington,[Washington](#f/washington),Washington,Washington
Washington State,[Washington State](#f/washingtonstate),Washington State,Washington St.
Weber State,[Weber State](#f/weberstate),Weber State,Weber St.
West Virginia,[West Virginia](#f/westvirginia),West Virginia,West Virginia
Western Carolina,[Western Carolina](#f/westerncarolina),Western Carolina,Western Carolina
Western Illinois,[Western Illinois](#f/westernillinois),Western Illinois,Western Illinois
Western Kentucky,[WKU](#f/wku),Western Kentucky,Western Kentucky
Western Michigan,[Western Michigan](#f/westernmichigan),Western Michigan,Western Michigan
Wichita State,[Wichita State](#f/wichitastate),Wichita State,Wichita St.
William & Mary,[William & Mary](#f/williammary),William & Mary,William & Mary
Winthrop,[Winthrop](#f/winthrop),Winthrop,Winthrop
Wisconsin,[Wisconsin](#f/wisconsin),Wisconsin,Wisconsin
Wofford,[Wofford](#f/wofford),Wofford,Wofford
Wright State,[Wright State](#f/wrightstate),Wright State,Wright St.
Wyoming,[Wyoming](#f/wyoming),Wyoming,Wyoming
Xavier,[Xavier](#f/xavier),Xavier,Xavier
Yale,[Yale](#f/yale),Yale,Yale
Youngstown State,[Youngstown State](#f/youngstownstate),Youngstown State,Youngstown St.