Abilene Christian,[Abilene Christian](#f/abilenechristian),Abilene Christian
Air Force,[Air Force](#f/airforce),Air Force
Akron,[Akron](#f/akron),Akron
Alabama,[Alabama](#f/alabama),Alabama
Alabama A&M,[Alabama A&M](#f/alabamaam),Alabama A & M
Alabama State,[Alabama State](#f/alabamastate),Alabama State
Albany,[Albany](#f/albany),Albany
Alcorn State,[Alcorn State](#f/alcornstate),Alcorn State
American,[American University](#f/american),American
Appalachian State,[Appalachian State](#f/appalachianstate),Appalachian State
Arizona,[Arizona](#f/arizona),Arizona
Arizona State,[Arizona State](#f/arizonastate),Arizona State
Arkansas,[Arkansas](#f/arkansas),Arkansas
Arkansas State,[Arkansas State](#f/arkansasstate),Arkansas State
Arkansas-Pine Bluff,[Arkansas-Pine Bluff](#f/arkansaspinebluff),Arkansas-Pine Bluff
Army,[Army](#f/army),Army
Auburn,[Auburn](#f/auburn),Auburn
Austin Peay,[Austin Peay](#f/austinpeay),Austin Peay
Ball State,[Ball State](#f/ballstate),Ball State
Baylor,[Baylor](#f/baylor),Baylor
Belmont,[Belmont](#f/belmont),Belmont
Bethune-Cookman,[Bethune-Cookman](#f/bethunecookman),Bethune Cookman
Binghamton,[Binghamton](#f/binghamton),Binghamton
Boise State,[Boise State](#f/boisestate),Boise State
Boston College,[Boston College](#f/bostoncollege),BC
Boston University,[Boston University](#f/bostonuniversity),BU
Bowling Green,[Bowling Green](#f/bowlinggreen),Bowling Green
Bradley,[Bradley](#f/bradley),Bradley
Brown,[Brown](#f/brown),Brown
Bryant,[Bryant](#f/bryant),Bryant
Bucknell,[Bucknell](#f/bucknell),Bucknell
Buffalo,[Buffalo](#f/buffalo),Buffalo
Butler,[Butler](#f/butler),Butler
BYU,[BYU](#f/byu),BYU
Cal Poly,[Cal Poly](#f/calpoly),Cal Poly
California,[California](#f/california),California
Campbell,[Campbell](#f/campbell),Campbell
Canisius,[Canisius](#f/canisius),Canisius
Central Arkansas,[Central Arkansas](#f/centralarkansas),University of Central Arkansas
Central Connecticut,[Central Connecticut State](#f/centralconnecticutstate),Central Connecticut State
Central Michigan,[Central Michigan](#f/centralmichigan),Central Michigan
Charleston,[Charleston (SC)](#f/collegecharleston),College of Charleston
Charleston Southern,[Charleston Southern](#f/charlestonsouthern),Charleston Southern
Charlotte,[Charlotte](#f/charlotte),Charlotte
Chattanooga,[Chattanooga](#f/chattanooga),Chattanooga
Chicago State,[Chicago State](#f/chicagostate),Chicago State
Cincinnati,[Cincinnati](#f/cincinnati),Cincinnati
Clemson,[Clemson](#f/clemson),Clemson
Cleveland State,[Cleveland State](#f/clevelandstate),Cleveland State
Coastal Carolina,[Coastal Carolina](#f/coastalcarolina),Coastal Carolina
Colgate,[Colgate](#f/colgate),Colgate
Colorado,[Colorado](#f/colorado),Colorado
Colorado State,[Colorado State](#f/coloradostate),Colorado State
Columbia,[Columbia](#f/columbia),Columbia
Connecticut,[Connecticut](#f/connecticut),UConn
Coppin State,[Coppin State](#f/coppinstate),Coppin State
Cornell,[Cornell](#f/cornell),Cornell
Creighton,[Creighton](#f/creighton),Creighton
CS Fullerton,[CSU Fullerton](#f/csufullerton),Cal State Fullerton
CSU Bakersfield,[CSU Bakersfield](#f/csubakersfield),Cal State Bakersfield
CSU Northridge,[CSU Northridge](#f/csunorthridge),Cal State Northridge
Dartmouth,[Dartmouth](#f/dartmouth),Dartmouth
Davidson,[Davidson](#f/davidson),Davidson
Dayton,[Dayton](#f/dayton),Dayton
Delaware,[Delaware](#f/delaware),Delaware
Delaware State,[Delaware State](#f/delawarestate),Delaware State
Denver,[Denver](#f/denver),Denver
DePaul,[DePaul](#f/depaul),DePaul
Detroit Mercy,[Detroit](#f/detroitmercy),Detroit
Drake,[Drake](#f/drake),Drake
Drexel,[Drexel](#f/drexel),Drexel
Duke,[Duke](#f/duke),Duke
Duquesne,[Duquesne](#f/duquesne),Duquesne
East Carolina,[East Carolina](#f/eastcarolina),ECU
East Tennessee State,[East Tennessee State](#f/easttennesseestate),ETSU
Eastern Illinois,[Eastern Illinois](#f/easternillinois),Eastern Illinois
Eastern Kentucky,[Eastern Kentucky](#f/easternkentucky),Eastern Kentucky
Eastern Michigan,[Eastern Michigan](#f/easternmichigan),Eastern Michigan
Eastern Washington,[Eastern Washington](#f/easternwashington),Eastern Washington
Elon,[Elon](#f/elon),Elon
Evansville,[Evansville](#f/evansville),Evansville
Fairfield,[Fairfield](#f/fairfield),Fairfield
Fairleigh Dickinson,[Fairleigh Dickinson](#f/fairleighdickinson),Fairleigh Dickinson
Florida,[Florida](#f/florida),Florida
Florida A&M,[Florida A&M](#f/floridaam),Florida A&M
Florida Atlantic,[FAU](#f/fau),Florida Atlantic
Florida Gulf Coast,[Florida Gulf Coast](#f/floridagulfcoast),Florida Gulf Coast
Florida Intl,[FIU](#f/fiu),FIU
Florida State,[Florida State](#f/floridastate),Florida State
Fordham,[Fordham](#f/fordham),Fordham
Fort Wayne,[Fort Wayne](#f/fortwayne),Fort Wayne
Fresno State,[Fresno State](#f/fresnostate),Fresno State
Furman,[Furman](#f/furman),Furman
Gardner-Webb,[Gardner-Webb](#f/gardnerwebb),Gardner-Webb
George Mason,[George Mason](#f/georgemason),George Mason
George Washington,[George Washington](#f/georgewashington),GW
Georgetown,[Georgetown](#f/georgetown),Georgetown
Georgia,[Georgia](#f/georgia),Georgia
Georgia Southern,[Georgia Southern](#f/georgiasouthern),Georgia Southern
Georgia State,[Georgia State](#f/georgiastate),Georgia State
Georgia Tech,[Georgia Tech](#f/georgiatech),Georgia Tech
Gonzaga,[Gonzaga](#f/gonzaga),Gonzaga
Grambling,[Grambling State](#f/gramblingstate),Grambling State
Grand Canyon,[Grand Canyon](#f/grandcanyon),Grand Canyon
Green Bay,[Green Bay](#f/greenbay),Green Bay
Hampton,[Hampton](#f/hampton),Hampton
Hartford,[Hartford](#f/hartford),Hartford
Harvard,[Harvard](#f/harvard),Harvard
Hawai'i,[Hawai'i](#f/hawaii),Hawaii
High Point,[High Point](#f/highpoint),High Point
Hofstra,[Hofstra](#f/hofstra),Hofstra
Holy Cross,[Holy Cross](#f/holycross),Holy Cross
Houston,[Houston](#f/houston),Houston
Houston Baptist,[Houston Baptist](#f/houstonbaptist),Houston Baptist
Howard,[Howard](#f/howard),Howard
Idaho,[Idaho](#f/idaho),Idaho
Idaho State,[Idaho State](#f/idahostate),Idaho State
Illinois,[Illinois](#f/illinois),Illinois
Illinois State,[Illinois State](#f/illinoisstate),Illinois State
Incarnate Word,[Incarnate Word](#f/incarnateword),Incarnate Word
Indiana,[Indiana](#f/indiana),Indiana
Indiana State,[Indiana State](#f/indianastate),Indiana State
Iona,[Iona](#f/iona),Iona
Iowa,[Iowa](#f/iowa),Iowa
Iowa State,[Iowa State](#f/iowastate),Iowa State
IUPUI,[IUPUI](#f/iupui),IUPUI
Jackson State,[Jackson State](#f/jacksonstate),Jackson State
Jacksonville,[Jacksonville](#f/jacksonville),Jacksonville
Jacksonville St,[Jacksonville State](#f/jacksonvillestate),Jacksonville State
James Madison,[James Madison](#f/jamesmadison),James Madison
Kansas,[Kansas](#f/kansas),Kansas
Kansas State,[Kansas State](#f/kansasstate),Kansas State
Kennesaw State,[Kennesaw](#f/kennesaw),Kennesaw State
Kent State,[Kent State](#f/kentstate),Kent State
Kentucky,[Kentucky](#f/kentucky),Kentucky
La Salle,[La Salle](#f/lasalle),La Salle
Lafayette,[Lafayette](#f/lafayette),Lafayette
Lamar,[Lamar](#f/lamar),Lamar
Lehigh,[Lehigh](#f/lehigh),Lehigh
Liberty,[Liberty](#f/liberty),Liberty
Lipscomb,[Lipscomb](#f/lipscomb),Lipscomb
Little Rock,[Little Rock](#f/ualr),Little Rock
LIU Brooklyn,[Long Island](#f/longisland),LIU-Brooklyn
Long Beach State,[CSU Long Beach](#f/csulongbeach),Long Beach State
Longwood,[Longwood](#f/longwood),Longwood
Louisiana,[Louisiana](#f/louisiana),Louisiana
Louisiana Tech,[Louisiana Tech](#f/louisianatech),Louisiana Tech
Louisville,[Louisville](#f/louisville),Louisville
Loyola (MD),[Loyola Maryland](#f/loyolamaryland),Loyola-MD
Loyola Marymount,[Loyola Marymount](#f/loyolamarymount),Loyola Marymount
Loyola-Chicago,[Loyola Chicago](#f/loyolachicago),Loyola Chicago
LSU,[LSU](#f/lsu),LSU
Maine,[Maine](#f/maine),Maine
Manhattan,[Manhattan](#f/manhattan),Manhattan
Marist,[Marist](#f/marist),Marist
Marquette,[Marquette](#f/marquette),Marquette
Marshall,[Marshall](#f/marshall),Marshall
Maryland,[Maryland](#f/maryland),Maryland
Maryland-Eastern Shore,[UMES](#f/umes),UMES
Massachusetts,[UMass](#f/umass),UMass
McNeese,[McNeese](#f/mcneese),McNeese
Memphis,[Memphis](#f/memphis),Memphis
Mercer,[Mercer](#f/mercer),Mercer
Miami,[Miami](#f/miami),Miami (FL)
Miami (OH),[Miami (OH)](#f/miamioh),Miami (OH)
Michigan,[Michigan](#f/michigan),Michigan
Michigan State,[Michigan State](#f/michiganstate),Michigan State
Middle Tennessee,[Middle Tennessee](#f/middletennessee),MT
Milwaukee,[Milwaukee](#f/milwaukee),Milwaukee
Minnesota,[Minnesota](#f/minnesota),Minnesota
Mississippi State,[Mississippi State](#f/mississippistate),Mississippi State
Mississippi Valley State,[Mississippi Valley State](#f/mississippivalleystate),Mississippi Valley State
Missouri,[Missouri](#f/missouri),Missouri
Missouri State,[Missouri State](#f/missouristate),Missouri State
Monmouth,[Monmouth](#f/monmouth),Monmouth
Montana,[Montana](#f/montana),Montana
Montana State,[Montana State](#f/montanastate),Montana State
Morehead St,[Morehead State](#f/moreheadstate),Morehead State
Morgan State,[Morgan State](#f/morganstate),Morgan State
Mt. St. Mary's,[Mount St. Mary's](#f/mountstmarys),Mt. St. Mary's
Murray St,[Murray State](#f/murraystate),Murray State
Navy,[Navy](#f/navy),Navy
NC State,[NC State](#f/ncstate),NC State
Nebraska,[Nebraska](#f/nebraska),Nebraska
Nevada,[Nevada](#f/nevada),Nevada
New Hampshire,[New Hampshire](#f/newhampshire),UNH
New Mexico,[New Mexico](#f/newmexico),New Mexico
New Mexico State,[New Mexico State](#f/newmexicostate),New Mexico State
New Orleans,[New Orleans](#f/neworleans),New Orleans
Niagara,[Niagara](#f/niagara),Niagara
Nicholls,[Nicholls State](#f/nichollsstate),Nicholls State University
NJIT,[NJIT](#f/njit),NJIT
Norfolk State,[Norfolk State](#f/norfolkstate),Norfolk State
North Carolina,[North Carolina](#f/northcarolina),North Carolina
North Carolina A&T,[North Carolina A&T](#f/northcarolinaat),NC A&T
North Carolina Central,[North Carolina Central](#f/nccentral),NC Central
North Dakota,[North Dakota](#f/northdakota),North Dakota
North Dakota St,[North Dakota State](#f/northdakotastate),North Dakota State
North Florida,[North Florida](#f/northflorida),North Florida
North Texas,[North Texas](#f/northtexas),North Texas
Northeastern,[Northeastern](#f/northeastern),Northeastern
Northern Arizona,[Northern Arizona](#f/northernarizona),Northern Arizona
Northern Colorado,[Northern Colorado](#f/northerncolorado),Northern Colorado
Northern Illinois,[Northern Illinois](#f/northernillinois),Northern Illinois
Northern Iowa,[Northern Iowa](#f/northerniowa),Northern Iowa
Northern Kentucky,[Northern Kentucky](#f/northernkentucky),Northern Kentucky
Northwestern,[Northwestern](#f/northwestern),Northwestern
Northwestern State,[Northwestern State](#f/northwesternstate),Northwestern State
Notre Dame,[Notre Dame](#f/notredame),Notre Dame
Oakland,[Oakland](#f/oakland),Oakland
Ohio,[Ohio](#f/ohio),Ohio
Ohio State,[Ohio State](#f/ohiostate),Ohio State
Oklahoma,[Oklahoma](#f/oklahoma),Oklahoma
Oklahoma State,[Oklahoma State](#f/oklahomastate),Oklahoma State
Old Dominion,[Old Dominion](#f/olddominion),Old Dominion
Ole Miss,[Ole Miss](#f/olemiss),Ole Miss
Omaha,[Omaha](#f/nebraskaomaha),Nebraska-Omaha
Oral Roberts,[Oral Roberts](#f/oralroberts),Oral Roberts
Oregon,[Oregon](#f/oregon),Oregon
Oregon State,[Oregon State](#f/oregonstate),Oregon State
Pacific,[Pacific](#f/pacific),Pacific
Penn State,[Penn State](#f/pennstate),Penn State
Pennsylvania,[Pennsylvania](#f/pennsylvania),Penn
Pepperdine,[Pepperdine](#f/pepperdine),Pepperdine
Pittsburgh,[Pittsburgh](#f/pittsburgh),Pitt
Portland,[Portland](#f/portland),Portland
Portland St,[Portland State](#f/portlandstate),Portland State
Prairie View A&M,[Prairie View A&M](#f/prairieviewam),Prairie View A&M
Presbyterian,[Presbyterian](#f/presbyterian),Presbyterian
Princeton,[Princeton](#f/princeton),Princeton
Providence,[Providence](#f/providence),Providence
Purdue,[Purdue](#f/purdue),Purdue
Quinnipiac,[Quinnipiac](#f/quinnipiac),Quinnipiac
Radford,[Radford](#f/radford),Radford
Rhode Island,[Rhode Island](#f/rhodeisland),URI
Rice,[Rice](#f/rice),Rice
Richmond,[Richmond](#f/richmond),Richmond
Rider,[Rider](#f/rider),Rider
Robert Morris,[Robert Morris](#f/robertmorris),Robert Morris
Rutgers,[Rutgers](#f/rutgers),Rutgers
Sacramento State,[Sacramento State](#f/sacramentostate),Sacramento State
Sacred Heart,[Sacred Heart](#f/sacredheart),Sacred Heart
Saint Joseph's,[St. Joseph's (PA)](#f/stjosephspa),St. Joseph's
Saint Louis,[Saint Louis](#f/saintlouis),St. Louis
Saint Mary's,[St. Mary's (CA)](#f/stmarys),St. Mary's
Saint Peter's,[St. Peter's](#f/stpeters),St. Peter's
Sam Houston State,[Sam Houston State](#f/samhoustonstate),Sam Houston State
Samford,[Samford](#f/samford),Samford
San Diego,[San Diego](#f/sandiego),San Diego
San Diego State,[San Diego State](#f/sandiegostate),San Diego State
San Francisco,[San Francisco](#f/sanfrancisco),San Francisco
San Jose State,[San Jos� State](#f/sanjosestate),San Jose State
Santa Clara,[Santa Clara](#f/santaclara),Santa Clara
Savannah State,[Savannah State](#f/savannahstate),Savannah State University
SE Louisiana,[Southeastern Louisiana](#f/southeasternlouisiana),Southeastern Louisiana
Seattle,[Seattle](#f/seattle),Seattle
Seton Hall,[Seton Hall](#f/setonhall),Seton Hall
Siena,[Siena](#f/siena),Siena
SIU-Edwardsville,[SIUE](#f/siue),SIU Edwardsville
SMU,[SMU](#f/smu),SMU
South Alabama,[South Alabama](#f/southalabama),South Alabama
South Carolina,[South Carolina](#f/southcarolina),South Carolina
South Carolina State,[South Carolina State](#f/southcarolinastate),SC State
South Carolina Upstate,[USC Upstate](#f/uscupstate),SC Upstate
South Dakota,[South Dakota](#f/southdakota),South Dakota
South Dakota State,[South Dakota State](#f/southdakotastate),South Dakota State
South Florida,[USF](#f/usf),USF
Southeast Missouri State,[Southeast Missouri State](#f/southeastmissouristate),SE Missouri State
Southern,[Southern University](#f/southern),Southern
Southern Illinois,[Southern Illinois](#f/southernillinois),Southern Illinois
Southern Miss,[Southern Miss](#f/southernmiss),Southern Miss
Southern Utah,[Southern Utah](#f/southernutah),Southern Utah
St. Bonaventure,[St. Bonaventure](#f/stbonaventure),St. Bonaventure
St. Francis (BKN),[St. Francis Brooklyn](#f/stfrancisbrooklyn),St. Francis Brooklyn
St. Francis (PA),[St. Francis](#f/stfrancis),St. Francis PA
St. John's,[St. John's (NY)](#f/stjohnsny),St. John's
Stanford,[Stanford](#f/stanford),Stanford
Stephen F. Austin,[Stephen F. Austin](#f/stephenfaustin),Stephen F. Austin
Stetson,[Stetson](#f/stetson),Stetson
Stony Brook,[Stony Brook](#f/stonybrook),Stony Brook
Syracuse,[Syracuse](#f/syracuse),Syracuse
TCU,[TCU](#f/tcu),TCU
Temple,[Temple](#f/temple),Temple
Tenn-Martin,[Tennessee-Martin](#f/tennesseemartin),Tennessee-Martin
Tennessee,[Tennessee](#f/tennessee),Tennessee
Tennessee St,[Tennessee State](#f/tennesseestate),Tennessee State
Tennessee Tech,[Tennessee Tech](#f/tennesseetech),Tennessee Tech
Texas,[Texas](#f/texas),Texas
Texas A&M,[Texas A&M](#f/texasam),Texas A&M
Texas A&M-CC,[Texas A&M-Corpus Christi](#f/texasamcorpuschristi),Texas A&M-Corpus Christi
Texas Southern,[Texas Southern](#f/texassouthern),Texas Southern
Texas State,[Texas State](#f/texasstate),Texas State
Texas Tech,[Texas Tech](#f/texastech),Texas Tech
The Citadel,[The Citadel](#f/citadel),The Citadel
Toledo,[Toledo](#f/toledo),Toledo
Towson,[Towson](#f/towson),Towson
Troy,[Troy](#f/troy),Troy
Tulane,[Tulane](#f/tulane),Tulane
Tulsa,[Tulsa](#f/tulsa),Tulsa
UAB,[UAB](#f/uab),UAB
UC Davis,[UC Davis](#f/ucdavis),UC Davis
UC Irvine,[UC Irvine](#f/ucirvine),UC Irvine
UC Riverside,[UC Riverside](#f/ucriverside),UC Riverside
UC Santa Barbara,[UCSB](#f/ucsb),UC Santa Barbara
UCF,[UCF](#f/ucf),UCF
UCLA,[UCLA](#f/ucla),UCLA
UIC,[UIC](#f/uic),UIC
UL Monroe,[ULM](#f/ulm),ULM
UMass Lowell,[Massachusetts Lowell](#f/massachusettslowell),UMass Lowell
UMBC,[UMBC](#f/umbc),UMBC
UMKC,[UMKC](#f/umkc),UMKC
UNC Asheville,[UNC Asheville](#f/uncasheville),UNC Asheville
UNC Greensboro,[UNC Greensboro](#f/uncgreensboro),UNC Greensboro
UNC Wilmington,[UNC Wilmington](#f/uncwilmington),UNC Wilmington
UNLV,[UNLV](#f/unlv),UNLV
USC,[USC](#f/usc),USC
UT Arlington,[UT Arlington](#f/utarlington),UT-Arlington
UT Rio Grande Valley,[UTRGV](#f/texasriograndevalley),UTRGV
UT San Antonio,[UTSA](#f/utsa),UTSA
Utah,[Utah](#f/utah),Utah
Utah State,[Utah State](#f/utahstate),Utah State
Utah Valley,[Utah Valley](#f/utahvalley),Utah Valley
UTEP,[UTEP](#f/utep),UTEP
Valparaiso,[Valparaiso](#f/valparaiso),Valparaiso
Vanderbilt,[Vanderbilt](#f/vanderbilt),Vanderbilt
VCU,[VCU](#f/vcu),VCU
Vermont,[Vermont](#f/vermont),UVM
Villanova,[Villanova](#f/villanova),Villanova
Virginia,[Virginia](#f/virginia),Virginia
Virginia Tech,[Virginia Tech](#f/virginiatech),Virginia Tech
VMI,[VMI](#f/virginiamilitaryinstitute),VMI
Wagner,[Wagner](#f/wagner),Wagner
Wake Forest,[Wake Forest](#f/wakeforest),Wake Forest
Washington,[Washington](#f/washington),Washington
Washington State,[Washington State](#f/washingtonstate),Washington State
Weber State,[Weber State](#f/weberstate),Weber State
West Virginia,[West Virginia](#f/westvirginia),West Virginia
Western Carolina,[Western Carolina](#f/westerncarolina),Western Carolina
Western Illinois,[Western Illinois](#f/westernillinois),Western Illinois
Western Kentucky,[WKU](#f/wku),Western Kentucky
Western Michigan,[Western Michigan](#f/westernmichigan),Western Michigan
Wichita State,[Wichita State](#f/wichitastate),Wichita State
William & Mary,[William & Mary](#f/williammary),William & Mary
Winthrop,[Winthrop](#f/winthrop),Winthrop
Wisconsin,[Wisconsin](#f/wisconsin),Wisconsin
Wofford,[Wofford](#f/wofford),Wofford
Wright State,[Wright State](#f/wrightstate),Wright State
Wyoming,[Wyoming](#f/wyoming),Wyoming
Xavier,[Xavier](#f/xavier),Xavier
Yale,[Yale](#f/yale),Yale
Youngstown State,[Youngstown State](#f/youngstownstate),Youngstown State
